id,cedula,nombre,apellido,numero_cuenta
1,cedula1,nombre1,apellido1,cuenta1
2,cedula2,nombre2,apellido2,cuenta2
3,cedula3,nombre3,apellido3,cuenta3
4,cedula4,nombre4,apellido4,cuenta4
5,cedula5,nombre5,apellido5,cuenta5
6,cedula6,nombre6,apellido6,cuenta6
7,cedula7,nombre7,apellido7,cuenta7
8,cedula8,nombre8,apellido8,cuenta8
9,cedula9,nombre9,apellido9,cuenta9
10,cedula10,nombre10,apellido10,cuenta10
11,cedula11,nombre11,apellido11,cuenta11
12,cedula12,nombre12,apellido12,cuenta12
13,cedula13,nombre13,apellido13,cuenta13
14,cedula14,nombre14,apellido14,cuenta14
15,cedula15,nombre15,apellido15,cuenta15
16,cedula16,nombre16,apellido16,cuenta16
17,cedula17,nombre17,apellido17,cuenta17
18,cedula18,nombre18,apellido18,cuenta18
19,cedula19,nombre19,apellido19,cuenta19
20,cedula20,nombre20,apellido20,cuenta20
21,cedula21,nombre21,apellido21,cuenta21
22,cedula22,nombre22,apellido22,cuenta22
23,cedula23,nombre23,apellido23,cuenta23
24,cedula24,nombre24,apellido24,cuenta24
25,cedula25,nombre25,apellido25,cuenta25
26,cedula26,nombre26,apellido26,cuenta26
27,cedula27,nombre27,apellido27,cuenta27
28,cedula28,nombre28,apellido28,cuenta28
29,cedula29,nombre29,apellido29,cuenta29
30,cedula30,nombre30,apellido30,cuenta30
31,cedula31,nombre31,apellido31,cuenta31
32,cedula32,nombre32,apellido32,cuenta32
33,cedula33,nombre33,apellido33,cuenta33
34,cedula34,nombre34,apellido34,cuenta34
35,cedula35,nombre35,apellido35,cuenta35
36,cedula36,nombre36,apellido36,cuenta36
37,cedula37,nombre37,apellido37,cuenta37
38,cedula38,nombre38,apellido38,cuenta38
39,cedula39,nombre39,apellido39,cuenta39
40,cedula40,nombre40,apellido40,cuenta40
41,cedula41,nombre41,apellido41,cuenta41
42,cedula42,nombre42,apellido42,cuenta42
43,cedula43,nombre43,apellido43,cuenta43
44,cedula44,nombre44,apellido44,cuenta44
45,cedula45,nombre45,apellido45,cuenta45
46,cedula46,nombre46,apellido46,cuenta46
47,cedula47,nombre47,apellido47,cuenta47
48,cedula48,nombre48,apellido48,cuenta48
49,cedula49,nombre49,apellido49,cuenta49
50,cedula50,nombre50,apellido50,cuenta50
51,cedula51,nombre51,apellido51,cuenta51
52,cedula52,nombre52,apellido52,cuenta52
53,cedula53,nombre53,apellido53,cuenta53
54,cedula54,nombre54,apellido54,cuenta54
55,cedula55,nombre55,apellido55,cuenta55
56,cedula56,nombre56,apellido56,cuenta56
57,cedula57,nombre57,apellido57,cuenta57
58,cedula58,nombre58,apellido58,cuenta58
59,cedula59,nombre59,apellido59,cuenta59
60,cedula60,nombre60,apellido60,cuenta60
61,cedula61,nombre61,apellido61,cuenta61
62,cedula62,nombre62,apellido62,cuenta62
63,cedula63,nombre63,apellido63,cuenta63
64,cedula64,nombre64,apellido64,cuenta64
65,cedula65,nombre65,apellido65,cuenta65
66,cedula66,nombre66,apellido66,cuenta66
67,cedula67,nombre67,apellido67,cuenta67
68,cedula68,nombre68,apellido68,cuenta68
69,cedula69,nombre69,apellido69,cuenta69
70,cedula70,nombre70,apellido70,cuenta70
71,cedula71,nombre71,apellido71,cuenta71
72,cedula72,nombre72,apellido72,cuenta72
73,cedula73,nombre73,apellido73,cuenta73
74,cedula74,nombre74,apellido74,cuenta74
75,cedula75,nombre75,apellido75,cuenta75
76,cedula76,nombre76,apellido76,cuenta76
77,cedula77,nombre77,apellido77,cuenta77
78,cedula78,nombre78,apellido78,cuenta78
79,cedula79,nombre79,apellido79,cuenta79
80,cedula80,nombre80,apellido80,cuenta80
81,cedula81,nombre81,apellido81,cuenta81
82,cedula82,nombre82,apellido82,cuenta82
83,cedula83,nombre83,apellido83,cuenta83
84,cedula84,nombre84,apellido84,cuenta84
85,cedula85,nombre85,apellido85,cuenta85
86,cedula86,nombre86,apellido86,cuenta86
87,cedula87,nombre87,apellido87,cuenta87
88,cedula88,nombre88,apellido88,cuenta88
89,cedula89,nombre89,apellido89,cuenta89
90,cedula90,nombre90,apellido90,cuenta90
91,cedula91,nombre91,apellido91,cuenta91
92,cedula92,nombre92,apellido92,cuenta92
93,cedula93,nombre93,apellido93,cuenta93
94,cedula94,nombre94,apellido94,cuenta94
95,cedula95,nombre95,apellido95,cuenta95
96,cedula96,nombre96,apellido96,cuenta96
97,cedula97,nombre97,apellido97,cuenta97
98,cedula98,nombre98,apellido98,cuenta98
99,cedula99,nombre99,apellido99,cuenta99
100,cedula100,nombre100,apellido100,cuenta100
